customer_id,tenure,monthly_charges,total_charges,contract_type,internet_service,support,churn
C00001,7,103.497732798464,591.8602246710711,One year,DSL,Yes,1
C00002,55,110.13527332477784,6988.215877057146,Month-to-month,Fiber,Yes,1
C00003,47,38.323663454868026,1952.210166492915,Month-to-month,Fiber,No,1
C00004,32,77.63343363620969,2159.4544185374807,Month-to-month,DSL,No,1
C00005,31,35.314695407867134,915.969278466596,One year,DSL,Yes,1
C00006,61,88.86280883878212,4734.451460231339,Month-to-month,DSL,No,1
C00007,7,51.71720946470579,431.5323315954576,Two year,DSL,Yes,1
C00008,50,87.64515029573067,4309.61834038885,One year,Fiber,No,1
C00009,15,94.06448835725385,1571.2988997054758,Two year,DSL,No,1
C00010,7,98.02151173217742,723.589247462838,Two year,None,No,1
C00011,38,35.23538986581017,1377.7276995678867,One year,DSL,No,0
C00012,70,112.02112528807275,6728.397340477931,Month-to-month,Fiber,Yes,1
C00013,53,46.87032913501368,2927.3200784950145,Two year,None,Yes,0
C00014,55,28.55419283673708,1445.685588869047,Month-to-month,Fiber,Yes,1
C00015,51,77.71098459219093,4086.9412251748663,Month-to-month,None,Yes,1
C00016,56,60.23761696693168,3642.8687511259086,Two year,DSL,No,1
C00017,37,103.83002559757925,4071.035205581526,One year,DSL,Yes,1
C00018,10,101.78388984610868,1197.2205499141264,Month-to-month,DSL,Yes,1
C00019,60,55.12819481815796,2842.5495165897473,One year,DSL,Yes,0
C00020,32,115.52544253162577,3709.165569721579,One year,DSL,Yes,1
C00021,36,52.63719462331127,1822.1994159343951,Two year,DSL,Yes,1
C00022,27,73.93042727701288,1975.4965943216,Two year,None,Yes,1
C00023,13,49.316683603922264,543.4664571823813,Month-to-month,DSL,Yes,0
C00024,66,113.92413915465151,6418.497130434488,Month-to-month,None,Yes,1
C00025,56,40.63774267029172,2073.6989910099255,One year,None,Yes,1
C00026,46,29.266508842271254,1241.0921010321292,Month-to-month,None,No,0
C00027,29,66.3342207002886,1868.215584337232,Month-to-month,DSL,No,1
C00028,59,119.27567858530452,7349.684550233535,Month-to-month,None,Yes,1
C00029,39,109.70934029421683,4509.077389313521,Month-to-month,Fiber,No,1
C00030,32,96.11776184841017,2967.2686768820795,Two year,None,No,1
C00031,32,109.62528663345987,3380.013296754658,Month-to-month,Fiber,Yes,1
C00032,17,109.877430771297,1656.9378094464719,Month-to-month,None,Yes,1
C00033,7,74.29154423671267,538.4099508251454,Two year,Fiber,Yes,1
C00034,40,55.01325992392533,2039.4875825386246,Month-to-month,DSL,No,1
C00035,64,98.34118105054387,5125.850337085711,Two year,Fiber,No,1
C00036,5,87.85782000093731,424.9507115395846,Month-to-month,DSL,Yes,1
C00037,61,60.497484243002454,3652.1627816433083,Month-to-month,None,Yes,1
C00038,59,33.97433346584395,1784.4676086203453,Month-to-month,DSL,No,1
C00039,20,95.94501307815747,1974.5160802912908,Two year,DSL,Yes,1
C00040,45,49.933749012672145,2306.134981798818,One year,Fiber,No,1
C00041,12,113.99724930070903,1478.499918005273,One year,Fiber,Yes,0
C00042,54,47.89220462554005,2739.227555825321,Month-to-month,DSL,Yes,1
C00043,50,36.66200357909117,1944.8702042294756,Month-to-month,None,Yes,1
C00044,26,103.95570385186608,2504.1501932150222,One year,None,Yes,1
C00045,5,39.56201007932693,220.55284332329794,Month-to-month,None,No,1
C00046,69,42.030489274985214,2957.1132846375936,One year,Fiber,No,1
C00047,32,81.94136519448013,2550.191696278261,Two year,Fiber,No,1
C00048,64,108.08339387955913,7266.005537540878,Two year,Fiber,Yes,1
C00049,49,43.661293242884454,2020.1593016578108,One year,Fiber,Yes,0
C00050,56,54.480748925509005,3066.468516175544,Month-to-month,DSL,Yes,0
C00051,54,98.85345963291186,5843.5090265564095,Month-to-month,DSL,No,1
C00052,14,117.3235104757919,1896.4003481801553,Two year,DSL,No,1
C00053,26,72.57041268922252,2204.616193483972,One year,Fiber,Yes,1
C00054,34,38.67026274236883,1316.6995451709518,One year,DSL,Yes,0
C00055,36,26.323947332279147,955.3476871192971,One year,DSL,Yes,1
C00056,4,46.81732284989125,209.73189913374102,Month-to-month,None,No,0
C00057,39,37.523110689719495,1354.788076078562,Two year,Fiber,No,1
C00058,11,89.37757399322146,1115.8327489652547,Two year,Fiber,Yes,1
C00059,53,36.57408793971046,1933.8842653730367,Two year,Fiber,Yes,1
C00060,49,73.10134350396014,3031.5705965316088,Two year,None,No,0
C00061,66,90.95493138607422,4975.449535317547,Month-to-month,None,Yes,1
C00062,53,80.20607787598573,4832.436730722263,Month-to-month,DSL,No,1
C00063,27,43.97868690770547,976.3327206198568,Month-to-month,None,No,1
C00064,69,101.39182998731496,6382.096129188681,Two year,Fiber,Yes,0
C00065,30,92.96367731350115,2603.871742715221,One year,None,Yes,1
C00066,24,95.20348037197647,1986.0156865076333,One year,Fiber,Yes,1
C00067,65,37.45048639794476,2253.067236473663,Two year,DSL,No,1
C00068,27,36.75661134678274,1088.7705149632989,One year,None,Yes,0
C00069,6,113.11844234561822,546.9546842014945,Two year,DSL,Yes,1
C00070,34,62.769928413369364,2413.4760391830755,Two year,None,Yes,1
C00071,57,53.590125719189274,3490.2871037027785,Month-to-month,DSL,No,0
C00072,14,71.41548430839566,948.7307712717577,One year,DSL,Yes,1
C00073,33,87.97210021254033,2500.843617032398,Two year,Fiber,Yes,1
C00074,10,115.78420941946214,1204.5450018404504,Two year,None,Yes,1
C00075,49,52.21239155379523,2169.1941996719743,Month-to-month,Fiber,No,1
C00076,34,112.85680078464257,3629.8023715873546,Month-to-month,DSL,Yes,1
C00077,24,27.36165168169435,777.0960842186181,One year,DSL,No,1
C00078,17,77.74381402104835,1583.57606346976,Two year,None,No,1
C00079,41,85.22763560970309,3874.6631070568046,Month-to-month,None,Yes,0
C00080,48,35.06025335632156,1555.639603862966,One year,DSL,No,1
C00081,67,38.3322617210717,2761.0507062300735,Month-to-month,Fiber,Yes,1
C00082,32,64.81586033504887,2244.5214865249786,Month-to-month,DSL,No,1
C00083,12,116.79203165360227,1338.6282376576523,One year,DSL,Yes,1
C00084,60,81.62404255726541,5173.44015116302,One year,None,Yes,0
C00085,45,113.63720605202006,4112.882490718692,One year,Fiber,Yes,0
C00086,50,101.41428698323222,4480.600147039894,Month-to-month,DSL,No,0
C00087,7,69.4012521477527,490.68401202680116,Two year,Fiber,No,1
C00088,23,99.5525276789578,1981.7435867895067,Month-to-month,Fiber,No,1
C00089,55,26.694494477813834,1271.991356327762,Two year,DSL,No,1
C00090,60,35.36867969274482,2407.592111127101,Month-to-month,Fiber,Yes,1
C00091,31,103.79571841385996,3847.214172356728,Two year,DSL,No,1
C00092,58,100.69762339089037,5971.217087203925,One year,DSL,No,1
C00093,60,47.1008704868112,3209.343736734852,One year,None,No,1
C00094,28,75.42311110691008,2526.0408670994643,Month-to-month,None,No,1
C00095,64,82.57150296650104,4526.970656409677,Two year,DSL,Yes,1
C00096,21,107.43520060872106,2209.433172234981,Month-to-month,None,Yes,1
C00097,18,82.29517994717894,1417.6598557458342,One year,Fiber,No,1
C00098,49,64.19429908099963,2617.135194025004,Two year,None,Yes,1
C00099,46,60.54748412368236,3069.640902027387,Two year,None,Yes,0
C00100,10,65.45879820548343,637.2490009049894,Two year,Fiber,No,1
C00101,60,86.93344743009754,5152.010477307964,Month-to-month,Fiber,No,1
C00102,15,107.41161001647086,1386.0434804171484,Two year,Fiber,No,1
C00103,58,68.12020379724848,3446.7118979901684,Two year,None,No,0
C00104,1,48.54475848037902,56.44985728600339,Month-to-month,DSL,No,1
C00105,57,47.48292448477021,2213.5589370033335,Month-to-month,DSL,No,0
C00106,56,95.87135662312741,4795.0913404039065,Two year,DSL,Yes,0
C00107,56,102.57403252527149,5266.369209864772,Month-to-month,DSL,No,1
C00108,48,35.00141758614187,1673.4805258287774,One year,DSL,Yes,0
C00109,34,31.323091410741924,1101.8102367317192,Month-to-month,DSL,No,1
C00110,51,81.47119805686292,4143.878957288701,Month-to-month,None,No,0
C00111,20,38.886458198306336,648.3509107015634,Two year,DSL,Yes,1
C00112,56,103.34309809335242,5193.8330257708585,Month-to-month,None,Yes,0
C00113,40,54.48179402278707,2478.780746627561,Two year,DSL,Yes,0
C00114,33,38.66783363225855,1346.2659019976245,Two year,None,No,1
C00115,36,112.49219488630777,4291.32371372038,Month-to-month,DSL,No,1
C00116,41,40.72551365985142,1783.424546066418,Month-to-month,Fiber,No,1
C00117,3,52.048407822103876,172.56564372946968,Two year,DSL,No,1
C00118,10,39.59327254324557,325.94900016145044,One year,Fiber,Yes,1
C00119,18,35.971556048208726,612.9402203719023,Month-to-month,Fiber,No,1
C00120,9,27.009061551961803,246.92491012276213,Two year,Fiber,No,0
C00121,32,30.262563870604712,905.8264151605122,Month-to-month,Fiber,Yes,1
C00122,48,41.59093973890601,2271.4473486235897,Month-to-month,Fiber,No,1
C00123,47,30.071283599581662,1403.4978688903639,Two year,None,No,1
C00124,34,81.15866253054227,3055.8943259972816,Month-to-month,Fiber,No,1
C00125,61,89.66788004595311,6239.914120268302,One year,Fiber,No,1
C00126,41,62.39489339904268,2563.093640026538,Two year,DSL,Yes,0
C00127,6,55.209154210444694,385.521404436573,One year,Fiber,Yes,1
C00128,55,72.92999251711186,4150.936451732465,One year,DSL,Yes,1
C00129,41,108.12546951228781,5054.27084752333,One year,DSL,No,1
C00130,46,105.85750454810957,4558.951454528515,Month-to-month,None,Yes,1
C00131,41,29.130130891215234,1193.7701872334524,One year,DSL,Yes,0
C00132,40,42.24234891166979,1710.9239749274975,Two year,Fiber,No,1
C00133,7,47.49076275491762,279.9078584162957,Month-to-month,None,Yes,1
C00134,40,48.69181970406012,1868.638179312526,Two year,None,No,0
C00135,57,79.2671019155634,5272.47497955967,One year,DSL,Yes,0
C00136,22,64.54493044180326,1494.3005788338824,One year,DSL,Yes,0
C00137,43,29.67914139312143,1111.5762428071093,Month-to-month,Fiber,No,1
C00138,3,60.4933431536593,169.7822358621621,One year,Fiber,No,1
C00139,25,74.75653012817554,1638.3663642084982,Month-to-month,None,No,0
C00140,32,34.65883077585302,898.2784291333052,Month-to-month,DSL,Yes,1
C00141,70,104.17856260991317,8539.401434600592,Two year,DSL,No,1
C00142,16,29.936377314184906,469.0589332611216,Month-to-month,DSL,Yes,0
C00143,20,112.8599775567159,2083.4268518779577,One year,None,No,1
C00144,30,34.415748450088174,1073.1424485353118,One year,DSL,No,1
C00145,71,105.13962040178652,5993.771150911319,Month-to-month,Fiber,Yes,0
C00146,61,110.75204867312362,6156.0130115804,Month-to-month,DSL,Yes,1
C00147,3,118.05921465572631,382.94160977826886,One year,DSL,Yes,1
C00148,17,101.19245862599139,1812.3199437835472,One year,None,No,1
C00149,59,99.05036637327625,6970.235728771213,Two year,DSL,No,1
C00150,5,86.03591121957703,450.8897265433473,Two year,DSL,No,1
C00151,61,99.00465368492226,5984.944508909337,Month-to-month,None,Yes,1
C00152,20,37.782459799248976,834.6697184546946,Month-to-month,Fiber,Yes,1
C00153,66,75.92646341502554,5819.60062074607,Month-to-month,DSL,No,1
C00154,21,73.85117266808938,1687.7833235631304,One year,Fiber,Yes,1
C00155,31,106.46935369164297,3912.09067940675,Month-to-month,None,No,1
C00156,47,68.96593973138401,3607.0356976255225,Month-to-month,Fiber,Yes,1
C00157,9,61.58350212953358,635.5716209213516,Two year,Fiber,Yes,1
C00158,40,85.75851076752546,2900.8386680363424,Two year,Fiber,Yes,1
C00159,36,50.314015162580375,1979.693199648991,Two year,Fiber,No,1
C00160,56,38.2779990406259,2092.198368949936,Month-to-month,DSL,Yes,1
C00161,71,70.39834103225586,5104.453329710306,One year,None,No,1
C00162,48,64.60449001651408,3292.1651062312103,One year,None,Yes,1
C00163,30,47.094144350243,1678.3308215959898,Month-to-month,DSL,No,1
C00164,29,59.913621960937164,2074.2758414520044,One year,None,Yes,1
C00165,30,59.8072827334935,1642.2325636399312,One year,None,No,1
C00166,58,56.11207861919182,3558.8009152304653,One year,None,No,1
C00167,23,61.049087574058255,1544.5326696785849,Two year,Fiber,Yes,1
C00168,12,90.14561781831482,1015.3250337087845,Two year,Fiber,Yes,1
C00169,24,53.203265084272104,1084.7693437111147,One year,None,No,1
C00170,2,115.14150303795734,187.99816050243842,Two year,DSL,Yes,1
C00171,8,112.0530618561269,995.8713640470911,Two year,None,No,1
C00172,7,70.68649068850746,492.7667853279365,One year,None,No,0
C00173,55,56.19431447544544,3690.9484296007963,Month-to-month,None,No,1
C00174,52,75.8663050338503,3889.7753050609836,Two year,Fiber,No,1
C00175,50,105.61324643349434,6290.1495953882495,Two year,Fiber,No,0
C00176,33,86.9957973532097,2769.320098891342,Two year,DSL,No,1
C00177,51,101.41722365497236,5779.880744678596,Month-to-month,None,No,1
C00178,12,75.60861622624532,756.6254412542656,One year,Fiber,No,0
C00179,64,85.12717478042397,5569.004432475612,Two year,DSL,No,1
C00180,36,52.37478334733386,2113.304749483014,One year,None,Yes,1
C00181,67,94.81485041947762,7431.778049454554,Two year,Fiber,Yes,1
C00182,11,44.22843634694324,549.2891208522582,Month-to-month,Fiber,No,1
C00183,36,91.00582223775733,2669.417221005869,Month-to-month,DSL,No,1
C00184,50,106.76831149095993,5066.588453039346,Two year,None,Yes,0
C00185,36,37.549769543646676,1107.7654391972083,One year,Fiber,Yes,0
C00186,32,83.36607535148238,2250.785106158127,One year,None,Yes,1
C00187,12,34.034096081843785,437.0477223089599,One year,None,Yes,0
C00188,28,93.94298468578556,2854.7856196685507,One year,DSL,Yes,1
C00189,17,33.02685578823442,622.9294563053514,Two year,DSL,Yes,0
C00190,22,113.91428315655948,2872.464571574666,Month-to-month,None,No,1
C00191,49,38.053753353591205,2043.2147288372366,Two year,Fiber,No,0
C00192,45,116.09362336136263,5852.939970556214,Two year,Fiber,No,1
C00193,44,101.08399672808419,3645.266960539417,One year,DSL,No,1
C00194,26,81.39979042430365,1891.66320659328,One year,Fiber,Yes,1
C00195,69,99.34928993980695,7189.349625396727,Month-to-month,None,Yes,0
C00196,7,100.53590970339316,804.5638371308839,Two year,DSL,Yes,1
C00197,25,114.87257096764638,2302.620828567871,One year,Fiber,No,1
C00198,9,49.07141861472278,444.2271447882828,Month-to-month,None,No,0
C00199,25,81.05721005903938,2170.134471186992,One year,DSL,No,1
C00200,69,34.02967376861812,1906.2457203977883,Two year,DSL,Yes,1
C00201,27,83.53574150229153,2166.4693847974063,Month-to-month,None,No,1
C00202,65,41.272673888814936,3107.2754481710926,Month-to-month,DSL,No,1
C00203,36,78.67030808988197,3026.543079881741,Two year,Fiber,Yes,0
C00204,50,79.38089883321572,3552.546643304533,Month-to-month,Fiber,Yes,1
C00205,33,69.2685895332166,2608.427251274842,Two year,None,Yes,1
C00206,19,74.65001867374666,1332.1324809908879,Two year,DSL,No,1
C00207,55,97.57272205062586,6124.989343267821,Two year,Fiber,No,0
C00208,69,100.92824806864633,6403.982601200728,Two year,DSL,No,1
C00209,19,71.75455547966577,1412.5913139559345,Month-to-month,None,No,1
C00210,56,81.96137694464817,4400.625788303601,Month-to-month,Fiber,Yes,1
C00211,19,113.46744239055967,1961.7012110031594,One year,Fiber,No,1
C00212,51,36.37469090760667,2141.951837864734,One year,Fiber,No,0
C00213,57,36.1248387605105,1801.8034939655242,Two year,DSL,Yes,0
C00214,32,33.332356131523,889.4935350553294,Two year,None,No,0
C00215,53,87.49701207885015,4344.1261241499415,One year,Fiber,No,1
C00216,20,64.76778857508604,1408.1238219026086,Two year,DSL,No,0
C00217,6,98.5605345334751,664.0847034028675,One year,Fiber,No,1
C00218,7,88.76698426431629,745.3303355216301,One year,None,No,1
C00219,32,56.69558704118263,1666.4780144812248,One year,None,Yes,0
C00220,65,110.3448219993459,6908.302075540814,One year,Fiber,Yes,0
C00221,10,97.44055397171196,832.8521962789933,Month-to-month,DSL,No,1
C00222,33,50.70081938646669,1723.2351397417253,Two year,Fiber,No,1
C00223,50,59.598241688345134,3573.0099908190787,One year,Fiber,No,1
C00224,15,54.87179811940497,889.2131851912521,Two year,Fiber,Yes,1
C00225,52,39.97310661937497,2157.765367052145,One year,DSL,Yes,1
C00226,22,39.03942039150821,821.8909842019806,Two year,Fiber,Yes,1
C00227,58,113.93210902069568,7705.790359486264,Two year,Fiber,No,1
C00228,42,66.60088353388156,2793.7871037332484,One year,None,No,1
C00229,39,61.41538316385393,2044.8942039766328,One year,Fiber,No,1
C00230,13,94.3201423243509,1160.1347331594625,Month-to-month,Fiber,No,1
C00231,33,77.53434119902549,2115.6485567935833,Two year,Fiber,No,0
C00232,61,113.93329874965391,6121.441147211902,Two year,DSL,Yes,1
C00233,2,99.12864192139226,160.00701288616986,Two year,DSL,No,1
C00234,54,70.54010859183133,3737.980045067337,Two year,None,Yes,1
C00235,35,60.75414998067849,2240.829561418251,Two year,None,Yes,1
C00236,52,118.72999676781059,5786.957414873079,Two year,None,Yes,0
C00237,48,93.18722242034613,4330.534166081542,One year,Fiber,No,1
C00238,31,115.3634927003649,4233.17049509855,Month-to-month,DSL,Yes,1
C00239,22,36.25546483561893,878.008579211979,Month-to-month,None,No,0
C00240,45,105.80069952312435,4838.8393723814825,Month-to-month,Fiber,No,0
C00241,10,85.52201897916471,781.5141923199644,One year,DSL,No,1
C00242,42,36.5825594418357,1780.45656757787,Two year,None,No,1
C00243,7,80.88450999707597,506.19725826535426,One year,None,Yes,1
C00244,47,90.17915468501764,3942.311905669761,Month-to-month,None,Yes,1
C00245,45,26.16875515941727,1370.278887687176,Month-to-month,DSL,Yes,1
C00246,6,68.16020637496592,413.7938604537264,Two year,None,No,1
C00247,54,103.4129535636505,6125.569893214412,Two year,Fiber,No,0
C00248,30,53.059107407688536,1649.5512755933423,One year,Fiber,Yes,1
C00249,56,68.56206777086236,4075.1262467769816,Two year,None,No,1
C00250,3,67.01984207144986,184.925166070865,Two year,Fiber,Yes,1
C00251,13,53.6831021870367,625.683788202061,Two year,DSL,Yes,0
C00252,36,112.25198007397765,3754.1428513393334,Two year,DSL,Yes,1
C00253,14,99.22293336599401,1197.6677142491228,One year,Fiber,Yes,0
C00254,24,35.505899044630496,979.7291104948472,One year,None,No,0
C00255,47,119.71829249456944,5138.912774812717,One year,None,No,1
C00256,11,108.5240023092358,1223.1255561998425,Month-to-month,Fiber,No,1
C00257,49,51.9713015970837,2844.0098800471883,One year,None,No,1
C00258,8,104.50517506778912,930.9568829063713,One year,None,No,1
C00259,13,35.10985552778137,445.17922415105545,One year,Fiber,Yes,0
C00260,42,119.91494939505267,4988.5965334515495,One year,Fiber,No,1
C00261,57,88.240049930121,6024.960006222118,One year,None,Yes,0
C00262,13,86.76187647808571,1206.6760988165197,One year,Fiber,Yes,1
C00263,22,33.59186906349261,832.0309011721398,Month-to-month,DSL,Yes,1
C00264,66,110.21817289517939,8445.734753728655,One year,None,No,1
C00265,71,27.754952804424594,2197.291651330947,One year,Fiber,Yes,0
C00266,42,47.87866551390897,1757.674311874901,Two year,Fiber,No,1
C00267,32,38.58707814083033,1265.4935336048675,One year,None,No,1
C00268,25,98.79295436576076,2076.52333565235,One year,None,No,1
C00269,44,43.8294015852253,2046.4574109672596,Month-to-month,DSL,No,1
C00270,42,111.5106315774341,5536.488405323088,Month-to-month,Fiber,No,1
C00271,21,87.34555873611157,1843.5982833276644,One year,DSL,No,0
C00272,2,28.43545749699614,55.34614872984171,One year,Fiber,Yes,1
C00273,11,25.515834242226543,228.5633952290668,One year,Fiber,No,1
C00274,69,29.907502116367898,2443.1371730187093,One year,Fiber,No,1
C00275,30,82.56289187653412,2083.559798710792,Two year,None,Yes,1
C00276,35,101.14077203164445,2890.108413843015,Month-to-month,Fiber,Yes,1
C00277,34,47.66251795960191,1455.9233868467022,Month-to-month,Fiber,Yes,1
C00278,56,105.69384007769193,4890.230091223123,Month-to-month,Fiber,No,0
C00279,5,30.437034314559735,149.45301203154935,Month-to-month,DSL,Yes,1
C00280,6,101.09156609595924,610.4526150336483,Two year,DSL,Yes,1
C00281,20,113.14056586636664,2093.163781109189,Month-to-month,None,No,1
C00282,35,98.35029791491615,2823.9760426214434,One year,DSL,No,1
C00283,48,91.32147447797054,3702.421615425503,Month-to-month,DSL,Yes,1
C00284,35,104.60812077226139,3492.1393073665895,Two year,None,No,1
C00285,32,28.81437345697131,759.9723046506285,Two year,DSL,No,1
C00286,67,44.16930051831026,3193.947696269621,Month-to-month,Fiber,Yes,1
C00287,12,36.86774953403609,390.56582659876545,Month-to-month,None,Yes,0
C00288,41,72.93044406833371,2753.414069331013,Month-to-month,Fiber,Yes,1
C00289,39,95.79287219124024,3577.706879494413,One year,DSL,Yes,0
C00290,34,84.85112523475787,2788.707834019386,Two year,DSL,Yes,1
C00291,58,105.85745447738383,4915.864408010992,One year,None,No,1
C00292,19,39.745234281903635,637.9799610355988,Two year,DSL,No,0
C00293,68,94.78900373384035,7380.953945065886,One year,None,Yes,0
C00294,24,43.33894163254589,832.6206997375166,Month-to-month,DSL,No,1
C00295,39,50.722081375191024,1984.6237120965584,One year,DSL,No,1
C00296,37,92.44094624172386,3405.9524330525087,Month-to-month,None,Yes,1
C00297,61,118.11945456537477,6724.244957856989,Two year,None,Yes,0
C00298,32,83.0966425678216,2586.049438190033,Month-to-month,None,No,1
C00299,21,30.177529924173083,704.8529920681177,One year,None,No,1
C00300,2,83.54935214311561,189.90458316870289,One year,DSL,Yes,1
